"1","Abbraccio Letale","Si ottengono gli attacchi speciali Afferrare e Stritolare","Combat"
"2","Orrore dell'Abbraccio Letale","Le creature che subiscono i danni da Stritolamento sono anche Scosse","Combat"
"3","Maestro dell'Abbraccio Letale","Il proprio attacco Stritolare raddoppia il numero dei suoi dadi di danno","Combat"
"4","Accuratezza Elfica","Con un arco si ritira la probabilità di mancare per Occultamento","Combat"
"5","Addestramento al Combattimento Bestiale","Si usano i talenti per Colpo Senz'Armi Migliorato con le armi naturali","Combat"
"6","Addestramento Arcano nelle Armature","Riduce la probabilità di fallimento degli incantesimi arcani del 10%","Combat"
"7","Maestria Arcana nelle Armature","Riduce la probabilità di fallimento degli incantesimi arcani del 20%","Combat"
"8","Addestramento Difensivo Contro Armi","Si ottiene Bonus di Schivare +2 contro un singolo gruppo di armi del Guerriero","Combat"
"9","Addestramento Marziale Elfico","Si riceve bonus +2 alla DMC alle prove di Disarmare e Spezzare dirette contro una delle armi elfiche impugnate.","Combat"
"10","Addestramento nel Combattimento Difensivo","Si usano i Dadi Vita totali come BAB alla DMC","Combat"
"11","Addestramento nelle Armature Fortificate","Si rompe un'armatura o uno scudo per trasformare un critico in un colpo normale","Combat"
"12","Adepto del Manganello","Si ottiene un bonus ai Danni Non Letali","Combat"
"13","Maestro del Manganello","Si raddoppiano i danni del proprio Attacco Furtivo quando si infliggono Danni Non Letali","Combat"
"14","Adepto della Rete","Si considera una rete come un'arma a una mano","Combat"
"15","Manovra della Rete","Si usa la rete per Sbilanciare o Disarmare","Combat"
"16","Inganno della Rete","Si usa la rete per Accecare il proprio avversario","Combat"
"17","Rete e Tridente","Si brandisce un'arma a una mano o un'arma leggera con una rete","Combat"
"18","Agile Attaccante","In alcune occasione non si subisce penalità alla CA","Combat"
"19","Balzo Graffiante","Si può compiere un attacco completo con gli artigli in Carica","Combat"
"20","Arma Accurata","Usa Destrezza invece che Forza agli attacchi con armi leggere","Combat"
"21","Arma Focalizzata","Bonus +1 agli attacchi con un’arma","Combat"
"22","Arma Focalizzata Superiore","Bonus +1 agli attacchi con un’arma","Combat"
"23","Arma del Prescelto","Come azione veloce, il proprio primo attacco con l'arma conta come magico","Combat"
"24","Arma del Prescelto Migliorata","Si ricevono i benefici di Arma del Prescelto fino all'inizio del proprio turno successivo","Combat"
"25","Arma del Prescelto Superiore","Si tira due volte per colpire con la propria arma preferita e si prende il risultato migliore","Combat"
"26","Arma Specializzata","Bonus +2 al danno con un’arma","Combat"
"27","Arma Specializzata Superiore","Bonus +2 al danno con un’arma","Combat"
"28","Maestro Ravvicinato","Attaccare con un'arma a distanza non provoca Attacchi di Opportunità","Combat"
"29","Colpo Penetrante","L’attacco ignora 5 punti di riduzione del danno","Combat"
"30","Colpo Penetrante Superiore","L’attacco ignora 10 punti di riduzione del danno","Combat"
"31","Fionda Mazzafrusto","Si effettuano attacchi in mischia con una fionda","Combat"
"32","Maestria Intimorente","Tutti gli avversari entro 9 metri sono intimiditi","Combat"
"33","Assalto Cruento","Si effettua una prova di Intimidire se si riduce l'avversario a punti ferita negativi","Combat"
"34","Maestria Demoralizzante","Si ricorre a Maestria Intimorente per incrementare un effetto di paura.","Combat"
"35","Spezzare le Difese","Gli avversari ostacolati sono impreparati","Combat"
"36","Colpo Mortale","Infligge danni raddoppiati più sanguinamento a Cos 1 punto","Combat"
"37","Maestria nei Bastoni Ferrati","Si usa un bastone ferrato a una mano.","Combat"
"38","Bastone Sbilanciante","Si considera un bastone ferrato come se avesse la caratteristica Sbilanciare.","Combat"
"39","Giravolta Sbilanciante","Si usa un bastone ferrato per tentare di Sbilanciare tutti i nemici adiacenti.","Combat"
"40","Maestria nella Frusta","Usare una frusta non provoca Attacchi d'Opportunità","Combat"
"41","Maestria nella Frusta Migliorata","Si minaccia con la propria frusta e si afferrano oggetti minuscoli","Combat"
"42","Maestria nella Frusta Superiore","Si Lotta usando una frusta","Combat"
"43","Sparatore Prono","Si possono ignorare le penalità per sparare da Proni","Combat"
"44","Arma Focalizzata Gnomesca","Bonus +1 agli attacchi con le armi gnomesche","Combat"
"45","Armi Roventi","Si guadagna bonus ai Tiri Salvezza contro attacchi da fuoco.","Combat"
"46","Fiamma Interiore","Il bonus ai Tiri Salvezza aumenta, e le armi influenzate da Armi Roventi infliggono più danni.","Combat"
"47","Aura Fiammante","Quando si utilizza Armi Roventi è possibile creare un'aura di calore","Combat"
"48","Artigli Arcani","Le armi naturali sono considerate magiche e d'argento","Combat"
"49","Artigli Squartanti","+1d6 danni extra se entrambi gli artigli colpiscono","Combat"
"50","Artiglitaglienti","Si guadagnano attacchi con gli artigli.","Combat"
"51","Assalto Mortale","I nemici messi fuori combattimento devono effettuare un Tiro Salvezza su Tempra o muoiono.","Combat"
"52","Attacco con lo Scudo Migliorato","Si mantiene il bonus di scudo quando si attacca con esso","Combat"
"53","Botta di Scudo","Spinta gratuita quando si attacca con lo scudo","Combat"
"54","Maestria negli Scudi","Quando si attacca con lo scudo non si applicano le penalità per Combattere con due armi","Combat"
"55","Chiusura con Scudo","Dopo un Colpo Critico permette un attacco con lo scudo gratuito","Combat"
"56","Attacco Poderoso","Scambia bonus di attacco in mischia per danni","Combat"
"57","Assalto Frastornante","Si scambia Bonus di Attacco in mischia per frastornare gli avversari","Combat"
"58","Assalto Respingente","Si spinge un nemico con le armi a due mani","Combat"
"59","Assalto Sanguinario","Si scambia Bonus di Attacco in mischia con danno da Sanguinamento","Combat"
"60","Assalto Stordente","Si rinuncia a Bonus di Attacco in mischia per Stordire gli avversari","Combat"
"61","Furia Focalizzata","Non fa subire la penalità di Attacco Poderoso nel primo attacco di ogni round","Combat"
"62","Massacro Terrificante","Quando si abbatte un nemico si ha una prova di Intimidire gratuita","Combat"
"63","Frantumare","Quando si rompe un oggetto si ignorano 5 punti di Durezza","Combat"
"64","Gloria o Morte","Si ottiene bonus +4 ai Tiri per Colpire, per i danni e per i critici contro avversari di Taglia Grande o superiore","Combat"
"65","Incalzare","Attacco aggiuntivo se il primo colpisce","Combat"
"66","Incalzatore di Goblin","Quando si usa Incalzare o Incalzare Potenziato, è possibile effettuare attaccare qualsiasi creatura più piccola del personaggio","Combat"
"67","Massacratore di Orchi","Quando si usa Incalzare o Incalzare Potenziato, è possibile effettuare attaccare qualsiasi creatura della stessa Taglia del personaggio o inferiore","Combat"
"68","Uccisore di Giganti","Quando si usa Incalzare o Incalzare Potenziato, è possibile effettuare attaccare qualsiasi creatura di una Taglia più grande della propria o più piccoli","Combat"
"69","Incalzare Potenziato","Attacco aggiuntivo dopo ogni colpo andato a segno","Combat"
"70","Incalzare Sorprendente","Quando si usa Incalzare o Incalzare Potenziato, il secondo nemico che si attacca perde il bonus di Destrezza contro il personaggio","Combat"
"71","Incalzare Sorprendente Migliorato","Quando si usa Incalzare Potenziato tutti i nemici perdono il bonus di Destrezza contro il personaggio","Combat"
"72","Incalzare Terminale","Si può effettuare un attacco addizionale se l'avversario è fuori combattimento","Combat"
"73","Incalzare Terminale Migliorato","Si può usare Incalzare Terminale per un numero qualsiasi di volte/round","Combat"
"74","Incalzare Mobile","Si può fare un passo da 1,5 metri prima di sferrare gli attacchi aggiuntivi di Incalzare.","Combat"
"75","Oltrepassare Migliorato","Bonus +2 a oltrepassare, non provoca attacchi di opportunità","Combat"
"76","Attraversare","Oltrepassare come azione gratuita durante una Carica","Combat"
"77","Oltrepassare Superiore","Gli avversari oltrepassati provocano attacchi di opportunità","Combat"
"78","Scudo di Fendenti","Si riducono i danni con le armi a due mani per Bonus di Scudo +4","Combat"
"79","Spezzare Migliorato","Bonus +2 a spezzare, non provoca attacchi di opportunità","Combat"
"80","Colpo Spezzante","In caso di critico si può Spezzare l'arma dell'avversario","Combat"
"81","Spezzare Superiore","Il danno da spezzare passa all’avversario","Combat"
"82","Spingere Migliorato","Bonus +2 a spingere, non provoca attacchi di opportunità","Combat"
"83","Colpo Respingente","In caso di critico si può Spingere l'avversario","Combat"
"84","Riduzione Respingente","Si Spinge un avversario che fallisce nell'oltrepassare la propria RD","Combat"
"85","Spingere Rapido","Si può usare Spingere al posto di uno dei proprio attacchi in mischia","Combat"
"86","Spingere Superiore","Gli avversari spinti provocano attacchi di opportunità","Combat"
"87","Trascinare Migliorato","Bonus +2 ai tentativi di Trascinare, no Attacchi di Opportunità","Combat"
"88","Trascinare Rapido","Si può usare Trascinare al posto di uno dei propri attacchi in mischia","Combat"
"89","Trascinare Superiore","I nemici trascinati provocano Attacchi di Opportunità","Combat"
"90","Attacco Rischioso","Si ottengono bonus ai danni contro creature di due o più categorie di taglia più grandi della propria.","Combat"
"91","Basso Profilo","Bonus di Schivare +1 alla CA contro attacchi a distanza","Combat"
"92","Becco Sanguinario","Il danno inflitto dal proprio attacco con il becco aumenta.","Combat"
"93","Benedizione del Distruttore","Spezzando oggetti si ottengono round d'Ira addizionali","Combat"
"94","Botta Sbilanciante","Si Sbilancia un avversario quando si attacca con Attacco Poderoso","Combat"
"95","Coda Temibile","Si può utilizzare la propria coda per effettuare un attacco colpo di coda.","Combat"
"96","Cogliere di Sorpresa","Nessuna penalità per usare armi da mischia improvvisate","Combat"
"97","Colpire fra le Ombre","Si infliggono danni di precisione a bersagli con Occultamento","Combat"
"98","Colpo Arcano","+1 al danno e le armi sono considerate magiche","Combat"
"99","Colpo Arcano Sanguinario","Si guadagnano i benefici di Colpo Arcano mentre si è in preda all'Ira di Stirpe","Combat"
"100","Colpo Lacerante","Le creature danneggiate dal proprio Colpo Arcano subiscono penalità ai Tiri Salvezza contro incantesimi e capacità magiche","Combat"
"101","Colpo Basso Migliorato","Il proprio bonus per confermare i colpi critici contro nemici più grandi di sé aumenta.","Combat"
"102","Colpo di Ritorno","Attacco ad avversari che colpiscono con portata","Combat"
"103","Colpo Fortunato","Si può ritirare il danno di un singolo attacco","Combat"
"104","Colpo Senz'Armi Migliorato","Si è sempre considerati armati","Combat"
"105","Calcio Distruttivo","Si abbattono o spingono i nemici con attacchi senz'armi","Combat"
"106","Colpo Confusionario","Si Confonde un avversario con un colpo senz'armi","Combat"
"107","Colpo Paralizzante","Si Paralizza con colpi senz'armi","Combat"
"108","Colpo Perfetto","Si tira due volte per i colpi senz'armi e si sceglie il tiro migliore","Combat"
"109","Colpo Prosciugante","Si causa Affaticamento con un colpo senz'armi","Combat"
"110","Lancio Ki","Con un attacco Sbilanciare si lancia un nemico in uno spazio adiacente","Combat"
"111","Lancio Ki Migliorato","Si lancia un nemico in uno spazio occupato come per Spingere","Combat"
"112","Deviare Frecce","Evita un attacco a distanza per turno","Combat"
"113","Afferrare Frecce","Afferra un attacco a distanza per turno","Combat"
"114","Lottare Migliorato","Bonus +2 a lottare, non provoca attacchi di opportunità","Combat"
"115","Farsi Scudo","Si ottiene Copertura contro gli attacchi mentre si è In Lotta","Combat"
"116","Lottare Superiore","Si mantiene la presa con un’azione di movimento","Combat"
"117","Picchiare Immobilizzati","Contro avversari Immobilizzati, si possono raddoppiare i Danni Non Letali da prove di Lottare","Combat"
"118","Squartare Immobilizzati","Contro avversari Immobilizzati, si possono infliggere danni da Sanguinamento con le prove di Lottare","Combat"
"119","Morsa Soffocante","Si può Lottare con un avversario di una Taglia maggiore della propria per Immobilizzarlo","Combat"
"120","Talenti/Strangolatore","Si infliggono danni furtivi agli avversari contro cui si Lotta","Combat"
"121","Pugno Barcollante","Si rendono Barcollanti gli avversari con colpi senz'armi","Combat"
"122","Pugno del Crociato","Si può usare Imposizione delle Mani o Tocco di Corruzione subito dopo aver colpito con un colpo senz'armi","Combat"
"123","Pugno Elementale","Infligge 1d6 danni da energia con un colpo senz'armi","Combat"
"124","Pugno Frastornante","Si Frastornano gli avversari con colpi senz'armi","Combat"
"125","Pugno Stordente","Stordisce un avversario con un colpo senz'armi","Combat"
"126","Stile dello Scorpione","Riduce la velocità del bersaglio a 1,5 metri","Combat"
"127","Pugno della Gorgone","Rende barcollante un avversario la cui velocità è ridotta","Combat"
"128","Collera della Medusa","2 attacchi extra contro un avversario ostacolato","Combat"
"129","Colpo della Cockatrice","Un Colpo Critico Pietrifica il bersaglio","Combat"
"130","Tocco di Serenità","I nemici colpiti dall'attacco senz'armi non possono attaccare o lanciare incantesimi","Combat"
"131","Colpo del Dominio","Si usa un potere di Dominio attraverso colpo senz'armi","Combat"
"132","Colpo della Fattura","Dopo aver colpito con un colpo senz'armi, si può usare una Fattura","Combat"
"133","Colpo della Scuola","Si può infliggere un effetto di una scuola di magia come Azione Veloce dopo un attacco in mischia","Combat"
"134","Colpo Ravvicinato","Gli attacchi con le armi selezionate non provocano Attacchi d'Opportunità","Combat"
"135","Colpo Rivelante","Si influenza un avversario con una Rivelazione come parte di un attacco in mischia","Combat"
"136","Colpo Stregonesco","Si applica una capacità di Stirpe come parte di un attacco in mischia","Combat"
"137","Colpo Terrificante Migliorato","Si guadagna bonus +2 alle prove di Manovra in Combattimento di Colpo Terrificante e alla DMC contro attacchi di questo tipo, inoltre il movimento causato da Colpo Terrificante provoca Attacchi di Opportunità da parte dei propri alleati","Combat"
"138","Colpo Tremendo","Pugno Stordente riduce la CA del bersaglio","Combat"
"139","Colpo Vitale","Infligge due volte il danno con un singolo attacco","Combat"
"140","Colpo Vitale Migliorato","Infligge tre volte il danno con un singolo attacco","Combat"
"141","Colpo Vitale Superiore","Infligge quattro volte il danno con un singolo attacco","Combat"
"142","Colpo Devastante","Si infliggono danni addizionali quando si usa il bonus di Colpo Vitale","Combat"
"143","Colpo Devastante Migliorato","Si ottiene un bonus ai tiri per confermare colpi critici","Combat"
"144","Maestro dell'Esibizione in Combattimento","Si effettua un'Esibizione in Combattimento come Azione Gratuita","Combat"
"145","Combattente da Palcoscenico","Non si subiscono penalità infliggendo Danni Non Letali","Combat"
"146","Combattere alla Cieca","Si può ritirare se si manca un avversario con Occultamento","Combat"
"147","Colpo Tenebroso","Si ottengono bonus ai Tiri per Colpire quando ci si trova in un'area di luce fioca o di buio.","Combat"
"148","Combattere con Due Armi","Riduce le penalità per Combattere con due armi","Combat"
"149","Combattere con Due Armi Migliorato","Si ottiene un attacco addizionale con la mano secondaria","Combat"
"150","Combattere con Due Armi Superiore","Si ottiene un terzo attacco addizionale con la mano secondaria","Combat"
"151","Difendere con Due Armi","Si ottiene bonus di scudo +1 quando si combatte con due armi","Combat"
"152","Doppio Taglio","Aggiunge bonus For ai danni con la mano secondaria","Combat"
"153","Attacco Lacerante a Due Armi","Si attacca contemporaneamente un avversario con entrambe le armi","Combat"
"154","Competenza negli Scudi","Nessuna penalità agli attacchi mentre si usa uno scudo.","Combat"
"155","Competenza negli Scudi Torre","Nessuna penalità agli attacchi mentre si usa uno scudo torre.","Combat"
"156","Competenza nelle Armature Leggere","Nessuna penalità agli attacchi mentre si usano armature leggere.","Combat"
"157","Competenza nelle Armature Medie","Nessuna penalità agli attacchi mentre siusano armature medie.","Combat"
"158","Competenza nelle Armature Pesanti","Nessuna penalità agli attacchi mentre si usano armature pesanti.","Combat"
"159","Competenza nelle Armi da Guerra","Nessuna penalità agli attacchi mentre si usano armi da guerra.","Combat"
"160","Competenza nelle Armi Esotiche","Nessuna penalità all'attacco con un’arma esotica","Combat"
"161","Competenza nelle Armi Semplici","Nessuna penalità agli attacchi mentre si usano armi semplici.","Combat"
"162","Controfinta","Si può lasciare un'apertura nelle proprie difese, affinché un avversario possa avvantaggiarsene l'avversario","Combat"
"163","Critico Migliorato","Raddoppia la minaccia di un’arma","Combat"
"164","Dirompente","Aumenta la CD per lanciare incantesimi adiacenti a sé","Combat"
"165","Spezzaincantesimi","Gli avversari provocano attacchi se i loro incantesimi falliscono","Combat"
"166","Frantumaincantesimi","Si ottiene il Potere d'Ira Spezzare Incantesimo","Combat"
"167","Doppi Tuoni","Sostituisce Disarmare, Spezzare e Sbilanciare di qualsiasi proprio attacco contro Giganti","Combat"
"168","Raffica di Doppi Tuoni","Si Sbilancia un Gigante di Taglia non superiore a Enorme e si infliggono +2 danni contro i Giganti","Combat"
"169","Maestro dei Doppi Tuoni","L'avversario colpito da Doppi Tuoni è Scosso","Combat"
"170","Eredità Monastica","Si contano la metà dei propri livelli non da Monaco come livello da Monaco per i danni del colpo senz'armi","Combat"
"171","Estrazione Rapida","Si estrae l’arma con un’azione gratuita","Combat"
"172","Falsa Apertura","Si può scegliere di provocare Attacchi d'Opportunità; si ottiene bonus +4 alla CA contro gli attacchi","Combat"
"173","Finta Gemella","Dopo avere effettuato con successo una finta, è possibile tentare una finta contro un secondo bersaglio","Combat"
"174","Fintare con Due Armi","Si rinuncia al primo attacco per Fintare","Combat"
"175","Fintare con Due Armi Migliorato","Si nega il Bonus di Destrezza alla CA per 1 round quando di usa Fintare con Due Armi","Combat"
"176","Fromboliere Prono","Si può usare una fionda da Proni","Combat"
"177","Furia Lacerante","Si dimezza il normale ammontare dei danni per infliggere danno da Squartamento","Combat"
"178","Furia Lacerante Migliorata","Si infliggono danni addizionali se si riesce a Squartare","Combat"
"179","Furia Lacerante Superiore","Quando si Squarta un avversario, si infliggono danni da Sanguinamento","Combat"
"180","Grande Odio","Bonus +1 agli attacchi contro i bersagli del proprio tratto razziale Odio","Combat"
"181","Grazia Tagliente","Si considera un'arma a una mano tagliente come un'arma da mischia perforante","Combat"
"182","Guerriero Prudente","Si ottiene bonus +2 alla CA Combattendo sulla Difensiva o usando Difesa Totale","Combat"
"183","Colpo Disperato","Si può effettuare un attacco in mischia mentre si compie l'azione Difesa Totale","Combat"
"184","Colpo a Sorpresa","Non si subiscono penalità al Tiro per Colpire quando si usa il talento Colpo Disperato","Combat"
"185","Difesa Impacciata","Quando si Combatte sulla Difensiva o si usa Difesa Totale, gli alleati ottengono bonus alla CA e alla DMC","Combat"
"186","Difesa Prodigiosa","Quando si Combatte sulla Difensiva o si usa Difesa Totale, si ottiene bonus ai Tiri Salvezza su Riflessi e alla propria DMC","Combat"
"187","Guerriero Rancoroso","Si guadagna un bonus al Tiri per Colpire e per i danni contro qualsiasi creatura abbia attaccato il personaggio.","Combat"
"188","Iniziativa Migliorata","Bonus +4 alle prove di Iniziativa","Combat"
"189","Iniziato dell'Immortalità","Non si è Barcollanti mentre si usa Duro a Morire; si ottiene bonus +2 ai Tiri per Colpire in mischia","Combat"
"190","Maestro dell'Immortalità","Non si perdono Punti Ferita mentre si usa Duro a Morire","Combat"
"191","Zelota dell'Immortalità","I nemici devono ritirare per confermare i colpi critici","Combat"
"192","Inseguire","Passo di 1,5 metri come azione immediata","Combat"
"193","Ancora un Passo","Ci si muove fino a 3 metri come azione immediata","Combat"
"194","Inseguire e Colpire","Si segue e attacca una creatura adiacente come azione immediata","Combat"
"195","Intrepido Amatoriale","Si ottiene una limitata riserva di Eleganza da utilizzare con la Gesta da Intrepido di 1° livello scelta","Combat"
"196","Ira Armonica","Quando si è adiacenti a un alleato che è in Ira, si può entrare in uno stato simile ma meno potente","Combat"
"197","Lanciare a Due Mani","Si ottiene il bonus Forza quando si usano due mani per lanciare un'arma a una o due mani","Combat"
"198","Lanciare Oggetti","Nessuna penalità all’attacco con armi a distanza improvvisate","Combat"
"199","Lancio Opprimente","Dopo aver avuto successo con un Lancio Ki, si può tentare una Lotta","Combat"
"200","Lancio Rotante","Si spende un'Azione Veloce per Spingere un avversario, spostarlo e buttarlo a terra Prono","Combat"
"201","Lottatore Rapido","Si spende un'azione veloce per effettuare una Manovra in Combattimento Lottare per lottare mentre si usa Lottare Superiore.","Combat"
"202","Maestria in Combattimento","Scambia il bonus di attacco con quello alla CA","Combat"
"203","Aiutare Rapido","Si tenta di Aiutare un Altro come azione veloce","Combat"
"204","Attacco Turbinante","Attacco in mischia extra contro tutti gli avversari a portata","Combat"
"205","Cacciatore Marino","E' possibile tentare di fare perdere l'equilibrio a un avversario impegnato a nuotare.","Combat"
"206","Disarmare Migliorato","Bonus +2 a disarmare, non provoca attacchi di opportunità","Combat"
"207","Colpo Disarmante","In caso di critico, si può Disarmare l'avversario","Combat"
"208","Disarmare Superiore","Le armi tolte all’avversario vengono scagliate via","Combat"
"209","Rissa","Si Fiancheggia un avversario se almeno 2 alleati sono adiacenti","Combat"
"210","Unirsi","Aiutare un Altro come azione di movimento con 2 alleati adiacenti","Combat"
"211","Fintare Migliorato","Bonus +2 a fintare, non provoca attacchi di opportunità","Combat"
"212","Fintare Disimpegnante","Fintare permette di muoversi alla propria velocità senza provocare Attacchi d'Opportunità","Combat"
"213","Colpo Disimpegnante","Quando si usa Fintare Disimpegnante o Mulinello Disimpegnante è possibile effettuare un singolo attacco","Combat"
"214","Mulinello Disimpegnante","Riuscire a Fintare fa sì che il quadretto iniziale non sì consideri minacciato","Combat"
"215","Fintare Superiore","Gli avversari perdono il bonus di Des per 1 turno","Combat"
"216","Finta Ustionante","Si guadagna bonus alle prove di Fintare quando si utilizza un'arma che infligge danni da fuoco.","Combat"
"217","Riposizionare Migliorato","Bonus +2 ai tentativi di Riposizionare, no Attacchi di Opportunità","Combat"
"218","Colpo Riposizionante","In caso di critico si può Riposizionare l'avversario","Combat"
"219","Riposizionare Rapido","Si può usare Riposizionare al posto di uno dei propri attacchi in mischia","Combat"
"220","Riposizionare Superiore","I nemici riposizionati provocano Attacchi di Opportunità","Combat"
"221","Rubare Migliorato","Bonus +2 ai tentativi di Rubare, no Attacchi di Opportunità","Combat"
"222","Rubare Rapido","Si può Rubare al posto di uno dei propri attacchi in mischia","Combat"
"223","Rubare Superiore","I nemici non notano il furto fino alla fine del combattimentore","Combat"
"224","Sbilanciare Migliorato","Bonus +2 a sbilanciare, non provoca attacchi di opportunità","Combat"
"225","Colpo Sbilanciante","In caso di critico si può Sbilanciare l'avversario","Combat"
"226","Fuga Sbilanciante","Si Sbilancia un avversario quando si interrompe una Lotta","Combat"
"227","Sbilanciare Superiore","Gli avversari sbilanciati provocano attacchi di opportunità","Combat"
"228","Trascinare Giù","Se Sbilanciati, si può tentare di Sbilanciare il nemico","Combat"
"229","Seconda Possibilità","Si rinuncia agli attacchi successivi per ritirare il primo attacco fallito","Combat"
"230","Seconda Possibilità Migliorato","Si subisce penalità –5 agli attacchi successivi per ritirare un attacco fallito","Combat"
"231","Sporco Trucco Migliorato","Bonus +2 ai tentativi di Sporco Trucco, no Attacchi di Opportunità","Combat"
"232","Sporco Trucco Rapido","Si può usare Sporco Trucco al posto di uno dei proprio attacchi in mischia","Combat"
"233","Sporco Trucco Superiore","Le penalità di Sporco Trucco durano 1d4 di round","Combat"
"234","Maestria negli Stili di Combattimento","Si può cambiare stile come Azione Gratuita","Combat"
"235","Maestria nelle Armi da Esibizione","Tutte le armi in cui si è competenti funzionano come se avessero la qualità da esibizione","Combat"
"236","Maestria nelle Armi Improvvisate","Rende micidiale un’arma improvvisata","Combat"
"237","Maestria nelle Armi Orchesche","Si ottengono dei benefici specifici quando si impugna un'arma con la parola ""orco"" nel nome","Combat"
"238","Mano di Fuoco","Si può usare una torcia come se fosse un'arma","Combat"
"239","Manovre Agili","Si usa il bonus di Des quando si calcola il BMC","Combat"
"240","Scivolata Beffarda","Gli attaccanti che falliscono afferrare cadono Proni","Combat"
"241","Martellare lo Squarcio","Con un'azione di attacco completo, ogni colpo contro lo stesso bersaglio infligge danni addizionali","Combat"
"242","Mira Letale","Scambia il bonus agli attacchi a distanza con il danno","Combat"
"243","Morte dall'Alto","Si ottiene bonus +5 ai Tiri per Colpire quando si Carica da posizione soprelevata o volando","Combat"
"244","Mossa Infame","Quando un avversario cade Prono, provoca un proprioAttacco di Opportunità","Combat"
"245","Odio Immenso","Il proprio bonus all'attacco derivante dal tratto razziale Odio si applica a due tipi di creature.","Combat"
"246","Odio Ribollente","Si sceglie un Nemico Prescelto e si ricevono bonus maggiori quando una creatura di questo tipo è il proprio Bersaglio Studiato","Combat"
"247","Pregiudizio Estremo","Quando si mette a segno un Attacco Furtivo con Odio Ribollente, si tirano d8 per i danni invece che d6","Combat"
"248","Passaggio Truccato","Una prova riuscita di Acrobazia permette di Fintare","Combat"
"249","Picchiatore","Si infliggono Danni Non Letali con le armi contundenti","Combat"
"250","Pistolero Amatoriale","Si ottiene un limitato ammontare di Grinta e l'accesso alle Gesta del Pistolero","Combat"
"251","Pistolero Goblin","Si possono utilizzare Armi da Fuoco Medie senza subire le penalità relative alla Taglia","Combat"
"252","Prendere il Vantaggio","Si aggiunge il danno dell'Attacco Poderoso di un avversario alla propria risposta","Combat"
"253","Prodezza Intimidatrice","Aggiunge Forza a Intimidire oltre al Carisma","Combat"
"254","Proteggere Alleato","Fornisce Bonus di Scudo ad un alleato adiacente","Combat"
"255","Pugno di Risposta","Quando si combatte Disarmati e un avversario manca con gli attacchi in mischia, provoca Attacchi di Opportunità da parte propria","Combat"
"256","Ricarica Rapida","Si ricarica rapidamente la propria arma","Combat"
"257","Riflessi in Combattimento","Attacchi di opportunità aggiuntivi","Combat"
"258","Combattente di Pattuglia","Aumenta l'area minacciata per gli Attacchi di Opportunità","Combat"
"259","Guardia del Corpo","Si usa un Attacco di Opportunità per aggiungere bonus alla CA di un alleato adiacente","Combat"
"260","Frapporsi","Si subisce il danno di un attacco riuscito su un alleato adiacente","Combat"
"261","Impedire il Movimento","Gli avversari vengono fermati","Combat"
"262","Incastrare","L'avversario che effettua un passo di 1,5 metri o si ritira provoca Attacchi d'Opportunità dal personaggio","Combat"
"263","Tattico del Teletrasporto","Le creature che si teletrasportano provocano Attacchi di Opportunità","Combat"
"264","Rissaiolo da Taverna","Una volta al giorno, si ottiene l'uso di un talento che non si possiede per 1 minuto","Combat"
"265","Rompere la Guardia","Si può attaccare con la propria arma secondaria un avversario che si è tentato di Disarmare","Combat"
"266","Salva Iniziale","Un attacco a distanza riuscito concede bonus +4 al prossimo Tiro per Colpire","Combat"
"267","Schivare","Bonus di Schivare +1 alla CA","Combat"
"268","Mobilità","+4 alla CA contro Attacchi di Opportunità per il movimento","Combat"
"269","Attacco Rapido","Ci si può muovere prima e dopo l’attacco","Combat"
"270","Passo Laterale","Passo di 1,5 metri se nemico manca il bersaglio","Combat"
"271","Passo Laterale Migliorato","Passo laterale senza il passo di 1,5 metri del turno successivo","Combat"
"272","Prevenire Schivare","Si ottiene fino a un massimo di bonus + 2 ai Tiri per Colpire contro creature dotate di Bonus di Schivare","Combat"
"273","Contrastare Riflessi","Gli avversari con Mobilità non ricevono bonus quando provocano Attacchi di Opportunità da parte propria","Combat"
"274","Rotolare per Terra","Se Sbilanciati, ci si muove di 1,5 metri come Azione Immediata","Combat"
"275","Sgattaiolare","+4 alle prove di Acrobazia per attraversare nemici più grandi","Combat"
"276","In Mezzo ai Piedi","Quando si supera una prova di Acrobazia per evitare di provocare un Attacco di Opportunità da parte di un avversario più grande, è possibile tentare di fargli perdere l'equilibrio","Combat"
"277","Posizione Velata","Si ottiene 20% di occultamento se ci si muove","Combat"
"278","Andatura Fulminea","Si ottiene 50% di occultamento se ci si muove","Combat"
"279","Scudo Focalizzato","Bonus +1 alla CA quando si usa uno scudo","Combat"
"280","Concedere Copertura","Con Difesa Totale concede Copertura a un alleato","Combat"
"281","Scudo Contro Proiettili","Si devia con lo scudo un attacco a distanza per round","Combat"
"282","Scudo Contro Raggi","Si devia con lo scudo un attacco di contatto a distanza per round","Combat"
"283","Scudo Focalizzato Superiore","Bonus +1 alla CA quando si usa uno scudo","Combat"
"284","Scudo Specializzato","Bonus +2 alla CA contro i critici con un tipo di scudo","Combat"
"285","Scudo Specializzato Superiore","Bonus +2 alla CA contro i critici; nega un critico una volta al giorno","Combat"
"286","Stoccata","Penalità –2 alla CA per attaccare con portata","Combat"
"287","Spada e Pistola","Gli attacchi a distanza non provocano Attacchi d'Opportunità","Combat"
"288","Sventare Fiancheggiamento","I nemici colpiti perdono il loro bonus di fiancheggiamento contro il personaggio","Combat"
"289","Tenacia Feroce","Si spendono round d'Ira per evitare la morte","Combat"
"290","Testa Dura","Concede bonus ai tiri per colpire e Tiri Salvezza quando si utilizza un elmo.","Combat"
"291","Elmo Ammaccabile","Bonus +1 CA contro i colpi critici, l'elmo subisce metà dei danni da colpo critico.","Combat"
"292","Elmo Deformabile","Bonus +1 CA contro i colpi critici, l'elmo può subire tutto il danno da un colpo critico.","Combat"
"293","Tiro a Distanza","Riduce di 2 le penalità di gittata delle armi da lancio","Combat"
"294","Tiro Ravvicinato","+1 ad attacchi e danni a bersagli entro 9 metri","Combat"
"295","Fromboliere","Riduce di 2 le penalità di gittata degli attacchi a distanza","Combat"
"296","Lanciare in Carica","Si possono usare le regole della Carica per effettuare attacchi con armi a distanza","Combat"
"297","Lanciare in Carica Migliorato","Il bersaglio può trovarsi a qualsiasi distanza","Combat"
"298","Tirare in Movimento","Effettua un attacco a distanza in qualsiasi punto durante un movimento","Combat"
"299","Colpo di Addio","Si compie un attacco a distanza durante una ritirata","Combat"
"300","Tiro Dirompente","Aumenta la CD degli incantesimi avversari","Combat"
"301","Tiro Lontano","Dimezza le penalità di gittata","Combat"
"302","Tiro Preciso","Nessuna penalità per tirare in mischia","Combat"
"303","Tiro Concentrato","Si aggiunge il modificatore di Intelligenza ai tiri per i danni con archi e balestre","Combat"
"304","Tiro Preciso Migliorato","Ignora copertura o occultamento per gli attacchi a distanza","Combat"
"305","Mira Inesorabile","Ignora bonus di armatura o scudo ad un attacco a distanza","Combat"
"306","Tiro Rapido","Attacco a distanza aggiuntivo","Combat"
"307","Padronanza delle Balestre","Si carica una balestra come azione gratuita e si esegue un attacco completo","Combat"
"308","Tiro Multiplo","Tira due frecce contemporaneamente","Combat"
"309","Tiro Pugnalante","Si usano le frecce come attacco in mischia per spingere i nemici","Combat"
"310","Tiro Scattante","Si minacciano i quadretti entro 1,5 metri quando si brandisce un'arma a distanza","Combat"
"311","Tiro Scattante Migliorato","Si minacciano ulteriori 3 metri con Tiro Scattante","Combat"
"312","Tiro Scattante Superiore","Si ottiene un bonus ai danni e alla conferma dei critici quando si usano armi a distanza","Combat"
"313","Versatilità Critica","Si possono ottenere i benefici di un Talento di Critico di cui si soddisfano i prerequisiti.","Combat"
"314","Versatilità Marziale","Si può usare un talento che si applica ad un'arma specifica con qualsiasi arma dello stesso gruppo di armi.","Combat"
"315","Padronanza Marziale","Ogni Talento di Combattimento posseduto che si applica ad un'arma specifica può essere usato con tutte le armi dello stesso gruppo di armi.","Combat"
"316","Vile Uccisione","Infligge un colpo di grazia agli avversari Accovacciati o Storditi","Combat"
"317","Carneficina Spietata","Come azione standard, si effettua un colpo di grazia contro un Bersaglio Studiato Accovacciato, Indifeso o Stordito","Combat"
"318","Colpo Critico Impattante","Si può Spingere con un colpo critico.","Combat"
"319","Critico Focalizzato","Bonus +4 per confermare i critici.","Combat"
"320","Critico Accecante","Ogni volta che si effettua un critico, il bersaglio è Accecato.","Combat"
"321","Critico Affaticante","Ogni volta che si effettua un critico, il bersaglio è Affaticato.","Combat"
"322","Critico Inesorabile","Ogni volta che si effettua un critico, il bersaglio è Esausto.","Combat"
"323","Critico Assordante","Ogni volta che si effettua un critico, il bersaglio è Assordato.","Combat"
"324","Critico Debilitante","Ogni volta che si effettua un critico, il bersaglio è Infermo.","Combat"
"325","Critico Impalante","Con un colpo critico si può impalare un avversario e infliggergli danni addizionali","Combat"
"326","Critico Impalante Migliorato","L'avversario impalato deve superare una manovra di Lottare per sfuggire all'arma","Combat"
"327","Critico Incapacitante","Ogni volta che si effettua un critico, il bersaglio è Barcollante.","Combat"
"328","Critico Stordente","Ogni volta che si effettua un critico, il bersaglio è Stordito.","Combat"
"329","Critico Maledetto","Si conferma un colpo critico e si lancia una maledizione come parte dell'attacco.","Combat"
"330","Critico Menomante","In caso di critico, la velocità del bersaglio è dimezzata","Combat"
"331","Critico Prodigioso","Si applicano due effetti ai critici.","Combat"
"332","Critico Sanguinante","Ogni volta che si effettua un critico, il bersaglio subisce Danni da Sanguinamento per 2d6.","Combat"
"333","Critico Piagante","Si conferma un colpo critico con un incantesimo o una capacità magica per infliggere una Magipiaga Minore.","Combat"
"334","Critico Piagante Prodigioso","Si sceglie la Magipiaga inflitta con un critico.","Combat"
"335","Critico Piagante Superiore","Si conferma un colpo critico con un incantesimo o una capacità magica per infliggere una Magipiaga Maggiore.","Combat"
"336","Abilità Focalizzata","Bonus +3 a un'abilità (+6 a 10 gradi).","General"
"337","Acrobatico","Bonus +2 bonus alle prove di Acrobazia e Volare.","General"
"338","Affinità Animale","Bonus +2 alle prove di Addestrare Animali e Cavalcare.","General"
"339","Affondo Arguto","Incrementa la CD del Veleno trasmesso con Colpo Studiato","General"
"340","Agile","La tua velocità base è incrementata di 1,5 metri.","General"
"341","Agilità Dimensionale","Si possono effettuare tutte le ulteriori azioni rimanenti dopo aver usato Porta Dimensionale o Passo Abbondante","General"
"342","Assalto Dimensionale","Si può usare Porta Dimensionale o Passo Abbondante come parte di un'azione di Carica","General"
"343","Derviscio Dimensionale","Durante un'azione di attacco completo, si può lanciare Porta Dimensionale o Passo Abbondante come Azione Veloce","General"
"344","Manovre Dimensionali","Si ottiene bonus +4 alle Prove di Manovra in Combattimento mentre si usa Derviscio Dimensionale","General"
"345","Saggio Dimensionale","Si fornisce fiancheggiamento da tutti i quadretti da cui si attacca con Derviscio Dimensionale","General"
"346","Alchimia Ispirata","Si spendono tempo e Ispirazione per ricreare un estratto consumato","General"
"347","Ali Tengu","Una volta al giorno si ottiene velocità di Volare","General"
"348","Forma di Corvo Tengu","Una volta al giorno si può assumere la forma di un uccello simile a un Corvo","General"
"349","Allerta","Bonus +2 sulle prove di Intuizione e Percezione.","General"
"350","Allerta Prodigiosa","Si ottiene +1 alle prove di Intuizione e Percezione e bonus +2 ai Tiri Salvezza contro effetti di Sonno e Charme.","General"
"351","Amico dei Parassiti","Gli incantesimi influenzano i Parassiti come se fossero Animali","General"
"352","Anatema Esteso","Anatema si estende per un numero di round pari alla propria Saggezza.","General"
"353","Anatema Extra","Anatema 3 volte in più al giorno","General"
"354","Anatema Incantato","Le CD dei propri incantesimi aumentano di 2 quando è attivo Anatema","General"
"355","Anatema Intimidatorio","Si ottiene bonus +2 a Maestria Intimorente mentre è attivo Anatema","General"
"356","Anatema Minaccioso","Si può infondere nell'arma la capacità speciale Minacciosa","General"
"357","Anatema Pietoso","Si trasformano i danni letali in Non Letali come Azione Veloce","General"
"358","Ancora Dolorosa","Si infliggono danni ad un Esterno malvagio ancorato.","General"
"359","Andatura Mistica","Ci si muove a piena velocità attraverso il fogliame potenziato magicamente.","General"
"360","Anima di Ferro","Bonus razziale +4 ai TS contro Incantesimi e Capacità Magiche.","General"
"361","Animale Focalizzato Esteso","Si aggiunge il proprio modificatore di Saggezza al numero di minuti al giorno per cui si può usare la propria capacità Animale Focalizzato","General"
"362","Apprendimento Rapido","Quando si ottiene un livello in una classe preferita, si ottiene sia il Punto Ferita che il grado di abilità.","General"
"363","Improvvisazione","Si ottiene bonus a tutte le prove di abilità relative ad abilità in cui non si hanno gradi.","General"
"364","Improvvisazione Migliorata","La propria penalità per non essere competenti in armi, armature e scudi viene dimezzata.","General"
"365","Armaiolo","Si possono creare e riparare Armi da Fuoco.","General"
"366","Arma Scheggiata","Si Rompe un'arma per infliggere danni da Sanguinamento","General"
"367","Armatura della Fossa","Si guadagna Bonus di Armatura Naturale","General"
"368","Armatura Resiliente","Si guadagna RD contro alcuni attacchi","General"
"369","Arma Usa e Getta","Si Rompe un'arma Fragile per confermare un colpo critico","General"
"370","Armi a Spargimento Rimbalzanti","Si effettua un Tiro per Colpire con un'arma a spargimento se questa manca e atterra nel quadretto di un'altra creatura.","General"
"371","Armonia con le Terre Selvagge","Si seleziona un Ambiente Prescelto e in esso la propria guarigione naturale è raddoppiata.","General"
"372","Guardiano delle Terre Selvagge","Quando si è in un tipo di ambiente selezionato per il talento Armonia con le Terre Selvagge, si ottiene Bonus di Schivare +2 alla CA.","General"
"373","Spirito delle Terre Selvagge","Quando si è in un tipo di ambiente selezionato per il talento Armonia con le Terre Selvagge, si ottiene bonus +4 alle prove di Percezione per agire nel Round di Sorpresa e Percezione Cieca.","General"
"374","Malioso delle Terre Selvagge","Quando si è in un tipo di ambiente selezionato per il talento Armonia con le Terre Selvagge, si ottiene bonus +2 alle prove di livello dell'incantatore, di Concentrazione, di Conoscenze (arcane) e Sapienza Magica.","General"
"375","Artista del Knockout","Si ottiene +2 danni da Attacco Furtivo quando si infliggono danni furtivi Non Letali","General"
"376","Aspetto della Bestia","Si ottiene una tra quattro doti bestiali","General"
"377","Aspetto Draconico","Si assumone alcune delle resistenze di un drago cromatico.","General"
"378","Planata Draconica","Si ottengono bonus contro effetti di sonno e paralisi, inoltre si sviluppano un paio di ali.","General"
"379","Soffio Draconico","Si ottengono bonus contro effetti di sonno e paralisi, inoltre si ottiene un Soffio determinato dal talento Aspetto Draconico.","General"
"380","Esemplare Draconico","Si ottengono bonus ulteriori contro effetti di sonno e paralisi, inoltre si può usare Soffio due volte al giorno.","General"
"381","Aspetto Infantile","+2 alle prove di Camuffare per sembrare un bambino Umano, si può prendere 10 alle prove di Raggirare","General"
"382","Aspetto Realistico","Si possono imitare alla perfezione i lineamenti fisici di un qualsiasi individuo incontrato in precedenza.","General"
"383","Assalto Furioso","Si infligge il massimo dei danni e si esce dalla propria Ira","General"
"384","Assalto Elementale Extra","Aumenta la durata della propria capacità Assalto Elementale.","General"
"385","Assalto Elementale Incrementale","Si può usare la propria capacità Assalto Elementale in incrementi di 1 round.","General"
"386","Assorbimento Iracondo","Si assorbe energia arcana da incantesimi nocivi per rifornire l'Ira di Stirpe","General"
"387","Atletico","Bonus +2 sulle prove di Nuotare e Scalare.","General"
"388","Attaccante Benedetto","I propri attacchi vengono considerati come dell'allineamento condiviso con la propria divinità","General"
"389","Aura Anatema dei Draghi","L'Aura di Coraggio si espande e concede protezione contro i soffi dei draghi.","General"
"390","Aura Indomita","L'Aura di Coraggio si espande e rende gli alleati immuni agli effetti di Paura.","General"
"391","Autorità","Si guadagnano gregari seguaci.","General"
"392","Autosufficiente","Bonus +2 alle prove di Guarire e Sopravvivenza.","General"
"393","Azione Feroce","Quando si scende a meno Punti Ferita negativi non si diventa Barcollanti","General"
"394","Benedizione da Battaglia","Si guadagna un uso minore del privilegio di classe Benedizioni","General"
"395","Benedizione Rapida","Si sceglie una Benedizione e si consumano due usi per invocarla come azione veloce","General"
"396","Ben Preparato","Si trova quello che serve tra la propria roba","General"
"397","Bere a Garganella","Bevi come azione veloce","General"
"398","Bomba a Distanza","Si incrementa il ritardo delle proprie bombe e le si fa detonare a distanza.","General"
"399","Bombe Extra","Si lanciano due Bombe addizionali al giorno","General"
"400","Bravura dell'Uccisore","Si raddoppia la gittata di tutte le armi contro un Nemico Prescelto","General"
"401","Brivido dell'Uccisione","Se si porta il nemico a Punti Ferita negativi si riguadagna un round d'Ira","General"
"402","Brutalità Indomabile","Si aggiunge il proprio bonus di Costituzione ai tiri per i danni.","General"
"403","Cacciatore Cambiaforma","Si sommano i propri livelli da Druido e da Ranger per la capacità Nemico Prescelto","General"
"404","Camminatore delle Cenge","Ci si muove a velocità normale su superfici strette, +4 a Scalare per aggrapparsi, + 4 ai TS per evitare di cadere Proni","General"
"405","Camminatore delle Ombre","Si può lanciare Porta Dimensionale come capacità magica.","General"
"406","Campione Esperto","Si barattano i danni di punire il male per un bonus alle Prove di Manovra in Combattimento","General"
"407","Canto delle Pietre","Benefici ad Esibizione Bardica sotto terra e contro creature di terra","General"
"408","Canto Silvano","Si ottengono benefici all'Esibizione Bardica nella foresta e contro i Folletti","General"
"409","Cantore di Guerra","Si ottengono benefici all'Esibizione Bardica sui campi di battaglia e contro gli Orchi","General"
"410","Canzone Incantata","Si combinano il lancio di incantesimi e le Esibizioni Bardiche","General"
"411","Carica Esplosiva","Si sacrifica uno slot incantesimo da Iracondo di Stirpe per aggiungere danni da forza al proprio attacco in Carica","General"
"412","Carica Radiosa","Si spendono usi di Imposizione delle Mani per infliggere danni extra, superando resistenze e immunità delle creature malvagie.","General"
"413","Cavalca Bestie","Si aggiungono creature bestiali alla lista dei possibili Compagni Animali o Cavalcature.","General"
"414","Coda Afferrante","Si può utilizzare la propria coda per afferrare oggetti riposti.","General"
"415","Coda Magica","Si ottiene una nuova capacità magica.","General"
"416","Colpi Incantati Massimizzati","Si massimizza Colpo Incantato spendendo 3 punti della Riserva Arcana","General"
"417","Colpi Raggruppati","Si sommano i danni degli attacchi di round completo prima di applicare la RD","General"
"418","Colpo di Grazia Indomabile","Si squarta un nemico Morente e si ottiene un round d'Ira","General"
"419","Colpo Ispirato","Si spende Ispirazione per incrementare il danno inflitto con Combattimento Studiato","General"
"420","Colpo Mirato Migliorato","Si guadagna un bonus al Tiro per Colpire quando si effettua un Colpo Mirato.","General"
"421","Colpo Mirato Superiore","Si possono sferrare più Colpi Mirati in un round.","General"
"422","Colpo Sanguinario Stregonesco","Si riguadagna un potere di stirpe quando si riduce una creatura a 0 o meno Punti Ferita.","General"
"423","Coltello del Fattucchiere","Si usa un pugnale come focus per gli incantesimi del patrono del Fattucchiere.","General"
"424","Combattere Ancora","Si ottengono Punti Ferita Temporanei quando ridotti a 0","General"
"425","Compagno Evoluto","Il compagno ottiene un'evoluzione da 1 punto dell'Eidolon","General"
"426","Compagno Mitico","Si viene considerati una creatura mitica","General"
"427","Comunicatore Spirituale","Si entra in comunione con uno spirito per guadagnare l'uso temporaneo di una delle sue Fatture","General"
"428","Concedere Iniziativa","Si concede un bonus all'iniziativa degli alleati.","General"
"429","Concentrazione Iraconda","Mentre si è in preda all'Ira di Stirpe, si aggiunge il proprio Bonus di Morale alle prove di Concentrazione","General"
"430","Condividere Percezioni","Fornisce alle creature amichevoli bonus +2 a Percezione","General"
"431","Conoscenza dei Mostri Migliorata","Si ottiene un bonus sacro alle prove di Conoscenza dei Mostri.","General"
"432","Conoscenza Non Autorizzata","Si aggiungono incantesimi alla propria lista degli incantesimi da Paladino.","General"
"433","Controincantesimo Migliorato","Contrasta incantesimi con uno della stessa scuola.","General"
"434","Correre","Si corre a 5 volte la propria velocità.","General"
"435","Cosmopolita","Si leggono e parlano due linguaggi aggiuntivi","General"
"436","Curiosità Intrepida","Si ottiene bonus contro effetti con il descrittore emozione.","General"
"437","Destinato alla Gloria","Si ottiene un uso addizionale di Impulso","General"
"438","Difesa Prescelta","Bonus a DMC e CA se attaccati da Nemico Prescelto","General"
"439","Discendenza Acquatica","Si guadagna la capacità Anfibio.","General"
"440","Discernimento Oculato","Si è in grado di rivelare le bugie in una dichiarazione udita, anche dopo ore da quando è stata pronunciata.","General"
"441","Disciplina Hobgoblin","Quando ci si trova nelle vicinanze di altri Hobgoblin si guadagna un bonus ai Tiri Salvezza.","General"
"442","Disposizione dell'Ambiente","Si ottiene una versione limitata del privilegio di classe Ambiente Prescelto","General"
"443","Dissolvere Distruttivo","Dopo aver dissolto con successo, l'avversario deve superare un Tiro Salvezza o è Stordito","General"
"444","Dividere Fatture","Una Fattura bersaglio può affliggere due creature.","General"
"445","Dividere Fatture Maggiori","Una Fattura Maggiore bersaglio può affliggere due creature.","General"
"446","Domatore del Fuoco","Si guadagna bonus contro gli incantesimi con il descrittore fuoco.","General"
"447","Cuore di Fiamma","Si guadagna Resistenza al Fuoco.","General"
"448","Dono del Credente","Si ottiene l'uso di una capacità di Dominio da Chierico di 1° livello","General"
"449","Mani del Credente","Si può utilizzare Imposizione delle Mani una volta al giorno","General"
"450","Dono della Madre","Si sceglie una nuova manifestazione.","General"
"451","Dono dello Spirito","Si entra in comunione con uno spirito per far guadagnare al proprio Compagno Animale o Famiglio un potenziamento da uno Spirito Sciamanico","General"
"452","Doppio Anatema","Si può applicare Anatema a una seconda arma","General"
"453","Dote Arcana","Si lancia un incantesimo di livello 0 come capacità magica 3/giorno","General"
"454","Dote da Investigatore Extra","Si guadagna una Dote da Investigatore addizionale","General"
"455","Dote da Ladro Extra","Concede una Dote da Ladro addizionale","General"
"456","Dote da Predatore Extra","Si guadagna una Dote da Predatore addizionale","General"
"457","Duplice Potenziamento","Si infondono due armi con Arma Consacrata o Legame Divino, piuttosto che una sola","General"
"458","Echi della Pietra","Si ottengono dei bonus sottoterra e per non perdersi in caverne e zone rocciose","General"
"459","Sussurri della Terra","Si guadagna una forma limitata di Percezione Tellurica","General"
"460","Eidolon Difensore","Il proprio Eidolon sacrifica i propri attacchi per difendere il suo padrone.","General"
"461","Eidolon Focalizzante","Si ottiene +4 alle prove di Concentrazione quando si è adiacenti al proprio Eidolon.","General"
"462","Eidolon Persistente","Quando si perdono i sensi, ci si addormenta o si viene uccisi, il proprio Eidolon rimane accanto al padrone.","General"
"463","Eidolon Vigile","Bonus +4 alle prove di Percezionequando il proprio Eidolon è a portata di mano, cosciente e non indifeso.","General"
"464","Elemento Focalizzato","Bonus +1 alla CD dei Tiri Salvezza per un tipo di energia.","General"
"465","Elemento Focalizzato Superiore","Bonus +1 alla CD dei Tiri Salvezza per un tipo di energia.","General"
"466","Eredità Razziale","Si è influenzati come si fosse sia Umani che di un'altra razza","General"
"467","Escludere Materiali","Lanci incantesimi senza componenti materiali.","General"
"468","Esibizione Bardica Extra","Usi Esibizione Bardica per 6 round aggiuntivi al giorno.","General"
"469","Esibizione Durevole","L'Esibizione Bardica permane per 2 round dopo che si è fermata","General"
"470","Esibizione Intimidatrice","Si Demoralizzano gli avversari superando una prova di Esibizione Bardica","General"
"471","Esperto Minatore Migliorato","Bonus +4 a Percezione per notare strane opere in muratura","General"
"472","Esplosione Arcana","Si sacrifica un incantesimo per ottenere un attacco con raggio","General"
"473","Esplosione Assordante","Le proprie Bombe esplodono con forza assordante.","General"
"474","Evocatore di Scheletri","Evoca scheletri invece che creature viventi con Evoca Mostri.","General"
"475","Evocazioni Extra","Si ottiene un uso giornaliero addizionale di Evoca Mostri.","General"
"476","Evocazioni Sacre","Si evocano mostri con sottotipo allineamento corrispondente al proprio come azione standard.","General"
"477","Evoluzione Extra","L'Eidolon ottiene un punto evoluzione addizionale.","General"
"478","Exploit dell'Arcanista Extra","Si ottiene un Exploit dell'Arcanista addizionale","General"
"479","Famiglio Evoluto","Il Famiglio ottiene un'evoluzione del Convocatore.","General"
"480","Famiglio Migliorato","Si guadagna un Famiglio più potente.","General"
"481","Famiglio Senza Restrizioni","Si infondono incantesimi di contatto sul proprio Famiglio dalla distanza","General"
"482","Fantasma delle Ombre","Si ottiene un uso giornaliero aggiuntivo di Camminare nelle Ombre","General"
"483","Fattura Extra","Si guadagna una Fattura addizionale","General"
"484","Fattura Flessibile","Si cambia la propria Fattura Errante con un'azione veloce","General"
"485","Fattura Incantata","Si lancia un incantesimo di 1° livello come una Fattura.","General"
"486","Fattura Maledetta","Si può scegliere una creatura come bersaglio della stessa fattura una seconda volta in un giorno, se aveva superato il tiro salvezza la prima volta.","General"
"487","Fede Pura","Si ottiene bonus sacro +4 ai TS contro il veleno.","General"
"488","Felinide Esemplare","Si acquisice il talento Aspetto della Bestia con nuove manifestazioni.","General"
"489","Fermezza Suprema","La propria Aura di Fermezza si espande e non cessa quando si è Privi di Sensi.","General"
"490","Flessibilità Marziale Extra","Si ottengono tre usi di Flessibilità Marziale","General"
"491","Focovisione","Si è in grado di vedere attraverso il fuoco e il fumo senza subire alcuna penalità.","General"
"492","Forma dal Naso Lungo","Una volta al giorno si può assumere la forma di un Umano","General"
"493","Forma Possente","Mentre si è in Forma Selvatica, si è considerati come di una categoria di taglia maggiore.","General"
"494","Forma Selvatica Rapida","Forma Selvatica è più rapido se si assume una forma meno potente.","General"
"495","Fortuna Sprezzante","Si può ritirare un 1 naturale o un colpo critico confermato contro il personaggio.","General"
"496","Fortuna Inspiegabile","Si possono ottenere un bonus a un tiro di d20.","General"
"497","Concedere Fortuna","Si ottiene un uso addizionale della propria capacità Fortuna Sprezzante.","General"
"498","Furia Vitale","Bonus +2 a Costituzione in Ira; l'Ira continua anche se si sviene","General"
"499","Furtivo","Bonus +2 alle prove di Artista della Fuga e Furtività.","General"
"500","Gagliardia del Bruto","Quando una creatura conferma un colpo critico contro il personaggio, metà del danno è considerato come Danno Non Letale.","General"
"501","Gatto Nero","Si può far ritirare un attacco in mischia subito dal bersaglio con una penalità","General"
"502","Giudizio Condiviso","Si estende un Giudizio a un alleato adiacente anziché pronunciare un secondo Giudizio.","General"
"503","Giudizio Istantaneo","Si può pronunciare o cambiare un Giudizio come Azione Immediata","General"
"504","Giudizio Prescelto","I Giudizi hanno effetto sulle creature di uno specifico tipo, scelto dalla lista dei nemici prescelti del Ranger.","General"
"505","Giusta Guarigione","Si guarisce di più quando si ha un Giudizio attivo","General"
"506","Gnomo Ingannatore","Uso di Mano Magica e Prestidigitazione una volta al giorno.","General"
"507","Grande Esperienza","Bonus +2 a tutte le prove di Conoscenze e Professione","General"
"508","Grazia Felina","Si ottiene bonus alla propria DMC contro alcune Manovre in Combattimento","General"
"509","Guardiano Spirituale","Si incrementa il potere d'attacco dei propri incantesimi spirituali","General"
"510","Guaritore Fortunato","Si possono ritirare i danni curati da un effetto di guarigione","General"
"511","Guidatore Abile","Si ottiene bonus +4 alle prove di guidare effettuate con un veicolo","General"
"512","Guidatore Esperto","Si manovra un veicolo del tipo selezionato come Azione di Movimento e ci si può fermare immediatamente","General"
"513","Halfling Fortunato","Si può tirare un Tiro Salvezza per un alleato una volta al giorno","General"
"514","Illusionista Disinvolto","Si ottiene un bonus alle prove di Camuffare, Raggirare e Rapidità di Mano.","General"
"515","Imposizione delle Mani Extra","Usi Imposizione delle Mani 2 volte in più al giorno.","General"
"516","Impulso di Successo","Quando si conferma un colpo critico o si ottiene un 20 naturale a un Tiro Salvezza si ottengono dei bonus.","General"
"517","Impulso Giudicante","Si ottengono versioni potenziate dei propri Giudizi.","General"
"518","Incanalare Barriera Protettiva","Si potenziano il proprio scudo e quelli degli alleati adiacenti.","General"
"519","Incanalare Contingente","Si può trasferire energia positiva a un alleato che può usarla per curarsi","General"
"520","Incantamento Furioso","Si sacrificano Punti Ferita per potenziare un incantesimo da Iracondo di Stirpe","General"
"521","Incantare in Combattimento","Bonus +4 bonus alle prove di Concentrazione per castare sulla difensiva.","General"
"522","Concentrazione Prodigiosa","Non si effettuano prove di Concentrazione per movimento violento, si ottiene un bonus +2 a tutte le prove di Concentrazione.","General"
"523","Incantatore del Vapore","Si incrementa il potere di un incantesimo di fuoco, considerandolo come se avesse il descrittore acqua.","General"
"524","Incantatore delle Ombre","Si lanciano gli incantesimi della Sottoscuola Ombra con maggiore vigore.","General"
"525","Incantatore Sperimentale","Anziché lanciare incantesimi, si formulano logoincantesimi.","General"
"526","Incantesimi Aggiuntivi","1 o 2 incantesimi in più alla lista degli incantesimi conosciuti","General"
"527","Incantesimi Focalizzati","Bonus +1 alle CD dei Tiri Salvezza per gli incantesimi di una scuola.","General"
"528","Aumentare Evocazione","Le creature evocate ottengono +4 Forza e Costituzione","General"
"529","Evocazione Superiore","Quando si evoca più di una creatura, se ne convoca una in più.","General"
"530","Evocazioni Feroci","Le creature evocate ottengono la capacità Ferocia.","General"
"531","Mostri Evocati Evoluti","Un mostro evocato ottiene un'evoluzione da 1 punto dell'Eidolon","General"
"532","Evocazioni della Luce Lunare","Le creature evocate sono immune agli effetti di Confusione e Sonno, e le loro armi naturali sono considerate come fossero fatte d'argento.","General"
"533","Evocazioni della Luce Solare","Le creature evocate brillano e sono immuni agli effetti di Abbagliamento e Accecamento","General"
"534","Evocazioni della Luce Stellare","Le creature evocate ottengono un bonus alle prove di Furtività e Percezione.","General"
"535","Incantesimi Focalizzati Superiore","Bonus +1 alle CD per una scuola.","General"
"536","Ricerca del Divinatore","Bonus +2 alle prove di LI delle divinazioni.","General"
"537","Trasmutazione Tenace","+2 alla CD per dissolvere le trasmutazioni","General"
"538","Incantesimi Inarrestabili","Bonus +2 per passare la Resistenza agli Incantesimi","General"
"539","Incantesimi Inarrestabili Superiore","Bonus +2 alle prove di livello per passare la Resistenza agli Incantesimi.","General"
"540","Incantesimi Naturali","Lanci incantesimi mentre sei in Forma Selvatica","General"
"541","Incantesimo Specializzato","Si sceglie un incantesimo e lo si lancia come se si fosse di livello maggiore.","General"
"542","Incantesimo Specializzato Superiore","Si sacrifica un incantesimo per lanciare il proprio incantesimo specializzato.","General"
"543","Individuazione Non Autorizzata","Si utilizza Individuazione del Male per ottenere bonus alle prove di Intuizione e Percezione.","General"
"544","Indulgenza Extra","La tua Imposizione delle mani ha un'Indulgenza in più.","General"
"545","Indulgenza Superiore","L'Imposizione delle mani cura più danni se il bersaglio non ha bisogno di un'Indulgenza.","General"
"546","Indulgenza Suprema","Si spendono 10 usi di Imposizione delle mani per riportare in vita una creatura morta.","General"
"547","Ingannevole","Bonus +2 alle prove di Raggirare e Camuffare.","General"
"548","Inosservato","Prove di Furtività contro avversari Impreparati nel primo round di combattimento","General"
"549","Interferenza Divina","Si sacrifica un incantesimo per costringere il nemico a ritirare un attacco riuscito contro un proprio alleato.","General"
"550","Intuito Oracolare","Si ottengono bonus a Intuizione e Sapienza Magica per identificare le proprietà degli oggetti magici.","General"
"551","Ispirazione Extra","Si ottengono tre usi di Ispirazione","General"
"552","Invisibilità Durevole","Una volta terminata la prorpia Invisibilità, si ottiene Occultamento","General"
"553","Ira Avventata","Si subisce una penalità ai Tiri per Colpire per infliggere danno aggiuntivo mentre si è in preda all'Ira","General"
"554","Iracondo Esperto","Si sceglie un'Abilità e la si usa mentre si è in preda all'Ira","General"
"555","Iracondo Risoluto","Quando in preda all'Ira, è possibile effettuare un Tiro Salvezza contro un effetto di Paura all'inizio di ognuno round.","General"
"556","Ira Extra","La tua Ira dura 6 round aggiuntivi al giorno.","General"
"557","Ira Recuperata","Si recuperano round di Canto Furioso o di Ira per ciascun avversario ridotto a 0 Punti Ferita o meno","General"
"558","Ispirare Terrore Migliorato","Gli effetti di Ispirare Terrore si estendono fino a 18 metri e possono causare paura fino a Spaventato","General"
"559","Ispirare Terrore Superiore","Gli effetti del proprio Ispirare Terrore persistono e possono far diventare gli avversari In Preda al Panico","General"
"560","Ispirato dalla Paura","Insieme ai propri alleati nell'area di Ispirare Terrore si ottiene bonus +4 contro Paura","General"
"561","Ispirazione Focalizzata","Quando si utilizza l'Ispirazione con le Abilità scelte si tirano d8 o superiori","General"
"562","Istigare","Si usa Diplomazia o Intimidire per provocare creature.","General"
"563","Ki Extra","Aumenta la Riserva Ki di 2 punti.","General"
"564","Ladro Studioso","È possibile cambiare le capacità magiche derivanti dalla propria Dote da Ladro mediante lo studio","General"
"565","Lanciatore Indomabile","Si può lanciare un'arma a due mani come Azione Standard","General"
"566","Lancio Indomabile","Si aggiunge il proprio bonus di Costituzione alle prove di Spingere","General"
"567","Legame Percettivo","Si ottiene bonus +4 alle prove di Percezione quando si condividono i sensi del proprio Eidolon.","General"
"568","Lingua Agile","Si è dotati di una lingua prensile.","General"
"569","Lingua Selvaggia","Si parla mentre si è in Forma Selvatica.","General"
"570","Linguistica Esoterica","In alcuni casi si usa Linguistica al posto Sapienza Magica e Utilizzare Congegni Magici","General"
"571","Maestria negli Incantesimi Minore","Si lancia un incantesimo di 1° livello come capacità magica 2/giorno","General"
"572","Maestria negli Incantesimi Maggiore","Si lanciano incantesimi di 5° livello o inferiore come capacità magica 2/giorno","General"
"573","Maestria nell'Individuazione","Si individuano le capacità basate sulla magia di una creatura.","General"
"574","Malioso Dotato","Si ottengono usi addizionali di capacità magiche","General"
"575","Mangia Carogne","Si guadagna bonus contro Malattie e Veleni ad ingestione.","General"
"576","Manipolazione Condivisa","Si ottiene bonus a Intimidire o Raggirare","General"
"577","Manolesta","Bonus +2 alle prove di Disattivare Congegni e Rapidità di Mano.","General"
"578","Mano Guidata","Si può usare il modificatore di Saggezza per i Tiri per Colpire con l'arma preferita","General"
"579","Manovra a Sorpresa","Si guadagna bonus alle prove di Manovra in Combattimento contro gli avversari Fiancheggiati o a cui sia negato il bonus di Destrezza alla CA","General"
"580","Manovra Idraulica","Si può utilizzare Spinta Idraulica per tentare una Manovra in Combattimento","General"
"581","Marchiato dal Castigo","Le armi degli alleati ottengono la qualità Anatema contro un bersaglio marchiato","General"
"582","Metafocus Spontaneo","Si applica una metamagiaa un incantesimo richiedendo il tempo di lancio standard.","General"
"583","Mezzodrow Esemplare","Si conta come Drow per tutti gli effetti relativi alla razza.","General"
"584","Movenze del Ragno","Si può lanciare Movimenti del Ragno come capacità magica una volta al giorno.","General"
"585","Muori per il Tuo Padrone","Il Famiglio Tumorale muore al posto del suo padrone.","General"
"586","Nemico Prescelto per gli Incantesimi","Le CD degli incantesimi sono maggiori di 1 per il nemico scelto","General"
"587","Occhi Acuti","Si ottiene Bonus Razziale contro gli effetti di Illusione e bonus alle prove di Linguistica.","General"
"588","Occhi del Giudizio","Si determina l'esatto allineamento del bersaglio dopo 3 round di osservazione.","General"
"589","Occhio del Dissotterratore","Si guadagna bonus alle prove di Valutare.","General"
"590","Occhio di Falco","Si ignora fino a –5 per la distanza nelle prove di Percezione visiva","General"
"591","Olfatto Acuto","Si ottiene la capacità speciale Fiuto","General"
"592","Fiutare Paura","+4 alle prove di Percezione per individuare creature Spaventate","General"
"593","Oratore","Si utilizza Linguistica invece di Diplomazia, Intimidire e Raggirare]] in determinate circostanze","General"
"594","Orazioni o Trucchetti Extra","Si ottengono 2 Orazioni o Trucchetti conosciuti.","General"
"595","Osservatore tra le Nubi","Si può vedere bene attraverso la nebbia, la foschia e le nubi.","General"
"596","Ottimo Bevitore","Si ottengono 2 ki temporanei da ki ubriaco","General"
"597","Padronanza degli Incantesimi","Si preparano incantesimi senza libro.","General"
"598","Magia Adattabile","Si preparano alcuni incantesimi in modo adattabile","General"
"599","Magia Adattabile Migliorata","Si prepara un numero maggiore di incantesimi in modo adattabile","General"
"600","Padronanza delle Doti Innate","Tutte le proprie classi vengono considerate classi preferite.","General"
"601","Padronanza delle Metaparole","Si possono usare le metaparole tre volte al giorno addizionali.","General"
"602","Padrone dei Non Morti","Si animano e comandano più Non Morti.","General"
"603","Parola di Guarigione","Si utilizza Imposizione delle Mani a distanza.","General"
"604","Parola Extra","Si aggiunge una o due parole effetto alla lista delle parole e alla lista delle parole conosciute.","General"
"605","Passare per Umano","+10 alle prove di Camuffare per sembrare Umani","General"
"606","Passi da Gigante","Quando la propria Taglia aumenta a Grande o Superiore, anche la propria velocità base aumenta","General"
"607","Passo Arioso","Si guadagnano dei bonus contro effetti con i descrittori aria o elettricità.","General"
"608","Ali di Aria","Il bonus contro gli effetti con i descrittori aria e elettricità aumenta.","General"
"609","Passo delle Nuvole","Camminare nell'Aria per la metà della distanza di Caduta Lenta.","General"
"610","Passo Leggero","Si ignorano 1,5 metri di terreno difficile quando ci si muove.","General"
"611","Passo Acrobatico","Ignori 6 metri di terreno difficoltoso quanto ti muovi.","General"
"612","Movimenti Agili","Ci si muove a velocità normale su terreno difficile","General"
"613","Passo Pattinato","Si utilizza il ki per provocare meno Attacchi d'Opportunità muovendosi.","General"
"614","Passo Pietroso","Ci si muove normalmente su un terreno difficile a causa di terra e pietra","General"
"615","Oreade Scavatore","Si guadagna velocità di Scavare.","General"
"616","Scorrere sulla Terra Oreade","Si guadagna la capacità Scorrere sulla Terra.","General"
"617","Pelle d'Acqua","Si possono estinguere piccoli fuochi non magici.","General"
"618","Pelle di Ferro","Bonus +1 di Armatura Naturale alla CA.","General"
"619","Personalità Incrollabile","Si usa il proprio modificatore di Carisma nei Tiri Salvezza contro effetti di influenza mentale","General"
"620","Persuasivo","Bonus +2 alle prove di Diplomazia ed Intimidire","General"
"621","Ostentazione di Retorica","Si usa dissimulazione verbale mentre si effettua una prova di Diplomazia","General"
"622","Portale del Tritone","Si può utilizzare Spinta Idraulica per lanciare Evoca Alleato Naturale III","General"
"623","Postura Stoica","Si mantiene una perfetta immobilità da essere considerati un oggetto Piccolo.","General"
"624","Potere d'Ira Extra","Si ottiene un Potere d'Ira addizionale","General"
"625","Precisione Furtiva","Durante il secondo Attacco Furtivo di un round, si può applicare un Talento di Critico","General"
"626","Preparazione Aggiuntiva","Si guadagnano slot incantesimi addizionali","General"
"627","Preservatore Planare","Per ogni estratto di Evoca Alleato Naturale che si conosce, si apprende il corrispondente estratto di Evoca Mostri.","General"
"628","Prestante","Scambia il bonus alla CA con RD","General"
"629","Prestante Migliorato","Si raddoppia la RD di Prestante","General"
"630","Prete Combattente","Bonus +1 all' Iniziativa e bonus +2 alle prove di Concentrazione quando si lancia sulla Difensiva.","General"
"631","Prodigio","Si ottiene bonus +2 alle prove di Artigianato, Intrattenere o Professione.","General"
"632","Pugno Dissolvente","Si può lanciare Dissolvi Magie come Azione Gratuita dopo un attacco","General"
"633","Radianza Paradisiaca","Spendendo un uso di Luce Diurna è possibile lanciare un incantesimo.","General"
"634","Raffica del Crociato","Si può usare Raffica di Colpi con l'arma da mischia preferita della propria divinità","General"
"635","Ratto dei Tunnel","Si viene considerati di una Taglia inferiore rispetto al normale.","General"
"636","Denti da Scavo","Si guadagna una velocità di Scavare.","General"
"637","Recupero dalle Tossine","Si recuperano più rapidamente i danni alle Caratteristiche.","General"
"638","Resistenza Fisica","Bonus +4 alle prove per evitare danni non letali.","General"
"639","Rifiutare la Morte","Si usa il ki per evitare la morte.","General"
"640","Duro a Morire","Sei automaticamente stabilizzato e cosciente anche sotto 0 pf.","General"
"641","Guarire Rapidamente","Quando si guarisce si ottengono Punti Ferita addizionali","General"
"642","Recupero Eroico","Una volta al giorno, si ottiene un nuovo Tiro Salvezza contro condizioni dannose che richiedono un Tiro Salvezza su Tempra","General"
"643","Sfida Eroica","Una volta al giorno, ritarda l'insorgere di condizioni dannose per 1 round","General"
"644","Tenacia del Sopravvissuto","Quando si viene uccisi la propria anima rimane nel proprio corpo per un certo numero di round.","General"
"645","Resistenza Ampliata","Si ottiene bonus ai Tiri Salvezza contro incantesimi o effetti di una scuola di magia.","General"
"646","Resistenza Nobile alla Magia","La propria Resistenza agli Incantesimi viene aumentata.","General"
"647","Resistenza Potenziata","Si aumenta la RD contro un singolo attacco","General"
"648","Resistenze Immonde Ampliate","Si guadagna un'ulteriore Resistenza a quelle già possedute","General"
"649","Respiro Interiore","Non si ha più bisogno di respirare.","General"
"650","Retaggio Stregonesco","Si ottiene un potere di Stirpe.","General"
"651","Retaggio Stregonesco Migliorato","Si ottiene un potere di Stirpe addizionale.","General"
"652","Retaggio Stregonesco Superiore","Si ottiene un potere di Stirpe da Stregone di alto livello.","General"
"653","Sangue Furioso","Si cade preda di una forma minore di Ira di Stirpe","General"
"654","Rialzarsi Ki","Ci si rialza come Azione Veloce, e spendendo 1 punto ki, non si provocano Attacchi d'Opportunità quando si fa così.","General"
"655","Richiamo del Convocatore","Bonus all'Eidolon convocato","General"
"656","Ricompensa di Grazia","Con ogni uso di Imposizione delle Mani, si guadagna un bonus sacro +1 ai Tiri per colpire.","General"
"657","Ricompensa di Vita","Con ogni uso di Imposizione delle Mani, si ottengono Punti Ferita pari al proprio Carisma.","General"
"658","Ridirigere Elusivo","Quando si evitano con successo i danni, si spende 1 punto ki per ridirigere l'attacco contro l'avversario","General"
"659","Riflessi Fulminei","Bonus +2 ai Tiri Salvezza Riflessi.","General"
"660","Riflessi Fulminei Migliorati","Una volta al giorno puoi ripetere un Tiro Salvezza Riflessi.","General"
"661","Rimonta Portentosa","Si ottiene bonus +2 quando si ritira","General"
"662","Riserva Arcana Extra","La Riserva Arcana aumenta di 2.","General"
"663","Risolutezza Coraggiosa","I bonus relativi al tratto razziale aumentano.","General"
"664","Risolutezza Feroce","Si ottiene la capacità dei mostri Ferocia.","General"
"665","Rivelazione Extra","Si ottiene una Rivelazione addizionale","General"
"666","Rivelazioni Abbondanti","Si usa una singola Rivelazione più volte ogni giorno.","General"
"667","Robustezza","+3 Punti Ferita, +1 per ogni Dado Vita oltre al 3°.","General"
"668","Ruotare Via","Si usa Riflessi al posto di Tempra come azione immediata","General"
"669","Saldo e Agile","Si ottiene bonus alle prove di Acrobazia e Scalare.","General"
"670","Sangue Angelico","Si ottiene un bonus contro gli effetti con il descrittore male e alle prove per Stabilizzarsi","General"
"671","Ali Angeliche","Si ottiene una velocità di Volare","General"
"672","Carni Angeliche","Si guadagnano dei benefici a seconda dell'affinità metallica.","General"
"673","Ali Metalliche","Si guadagnano due attacchi con le ali.","General"
"674","Sangue di Vita","Si può eseguire uno speciale rituale di salasso tramite il quale si sacrifica parte della propria vitalità per guarire un'altra creatura.","General"
"675","Sangue Nanico","Si manifesta il proprio retaggio nanico","General"
"676","Sanguinario Immondo","Se in preda all'Ira si conferma un colpo critico, si riguadagna 1 round di Ira.","General"
"677","Scambio Ingannevole","Subito dopo aver Fintato con successo, è possibile costringere l'avversario ad accettare un oggetto","General"
"678","Scatto di Forza","Si sacrifica un incantesimo o uno slot incantesimo per incrementare la propria velocità","General"
"679","Scatto Ombroso","Ogni volta che ci si trova in un'area di buio o luce fioca, è possibile muoversi a piena velocità.","General"
"680","Schernire","Si Demoralizzano gli avversari con Raggirare anziché Intimidire","General"
"681","Scoperta Extra","Si ottiene una Scoperta addizionale","General"
"682","Scorta Extra","Si ottengono 3 punti addizionali nella propria Scorta Arcana","General"
"683","Scudo Arcano","Si sacrifica un incantesimo per Bonus di Deviazione a CA","General"
"684","Seduttore Naturale","Si è in grado di ammaliare facilmente gli Umanoidi","General"
"685","Segreto Extra","Si ottiene un segreto arcano addizionale.","General"
"686","Sensi Accurati","Bonus Razziale +4 alle prove di Percezione","General"
"687","Servitore Celestiale","La propria Cavalcatura, Compagno Animale o Famiglio guadagna l'Archetipo Celestiale","General"
"688","Sfruttare Conoscenze","Si usa la propria conoscenza per ottenere bonus all'attacco e ai danni contro una singola creatura.","General"
"689","Socievole","Bonus +2 alle prove di Diplomazia di creature amichevoli","General"
"690","Spirito Animale","Si possono ignorare gli incantesimi che non hanno effetto sugli Animali","General"
"691","Spirito Elfico","Si ottiene il tratto razziale degli Elfi Magia degli Elfi.","General"
"692","Spirito Umano","Si riceve 1 grado di abilità bonus.","General"
"693","Sputare Veleno","Si può sputare Veleno fino a 3 metri come attacco di contatto a distanza.","General"
"694","Stirpe Manifesta","Ci si avvolge nell'elemento associato alla propria stirpe di sangue per ricevere Resistenza verso quel tipo di energia e infliggere danno agli attaccanti","General"
"695","Stomaco di Ferro","+2 ai Tiri Salvezza contro Nausea, Infermità e Veleni ingeriti","General"
"696","Strada dell'Esilio","Si può ritirare un Tiro Salvezza fallito contro Ammaliamento.","General"
"697","Visto e Non Visto","Si ottiene bonus ai Tiri Salvezza contro Scrutare o Divinazione","General"
"698","Né Elfo né Umano","Non si è considerati né Elfi né Umani","General"
"699","Studio a Distanza","Si sceglie un'arma a distanza e si usa Combattimento Studiato con quell'arma","General"
"700","Succhiasangue","Succhiando sangue si ottengono Punti Ferita Temporanei","General"
"701","Banchettatore di Sangue","Si ottengono bonus ai tiri per i danni e alle prove di abilità basate su Forza quando si utilizza il talento Succhiasangue","General"
"702","Palato Diverso","Si può utilizzare il talento Succhiasangue su creature di un sottotipo di Umanoide o Umanoide Mostruoso a scelta","General"
"703","Recuperare Sangue","Si può utilizzare il talento Succhiasangue su una creatura morta","General"
"704","Tattico Esperto","Uso della capacità Tattico una volta addizionale al giorno","General"
"705","Tempra Possente","+2 ai Tiri Salvezza Tempra.","General"
"706","Tempra Possente Migliorata","Una volta al giorno puoi ripetere un Tiro Salvezza Tempra.","General"
"707","Terricolo","Si parla con gli animali da tana come capacità magica","General"
"708","Teurgia","Si potenziano gli incantesimi arcani con energia divina e quelli divini con energia arcana.","General"
"709","Tipo Fortunato","Aumenta il numero di volte al giorno in cui si può usare Fortuna Adattabile.","General"
"710","Fortuna Adattiva","Aumenta il numero di volte al giorno in cui si può usare Fortuna Adattabile e il suo bonus.","General"
"711","Traditore","Si ottiene un attacco gratuito subito dopo aver superato una prova di Diplomazia","General"
"712","Transizione Elementale","Una volta al giorno, si può lanciare Spostamento Planare per trasportare se stessi e bersagli verso un Piano Elementale","General"
"713","Trappole da Ranger Avanzate","Si aggiunge +1 alle CD delle prove di Disattivare Congegni e Percezione delle proprie trappole da Ranger.","General"
"714","Trappola da Ranger Extra","Si preparano due Trappole addizionali al giorno.","General"
"715","Tratti Addizionali","Si ottengono due Tratti del personaggio addizionali","General"
"716","Tumore Aberrante","Si ottiene un Famiglio Tumorale","General"
"717","Unico Nato","Ogni volta che si uccide si guadagnano Punti Ferita Temporanei","General"
"718","Valoroso","Si usa Canto Furioso per tirare nuovamente Tiri Salvezza falliti contro effetti di Paura","General"
"719","Vedere Peccato","Si ottiene la capacità di Individuare il Male.","General"
"720","Veleno del Sonno","Si possono alterare gli effetti del proprio veleno in modo da fare perdere conoscenza al bersaglio.","General"
"721","Vendetta di Sangue","Quando un alleato è ridotto a Punti Ferita negativi, si può entrare in uno stato simile all'Ira di un Barbaro ma meno potente.","General"
"722","Versatilità","Concede una Classe Preferita addizionale","General"
"723","Vigore dello Scaldo","Si ottiene Guarigione Rapida mentre si esegue Canto Furioso","General"
"724","Visionario Profetico","Una volta al giorno, si entra in una profonda trance e si ottiene una visione profetica.","General"
"725","Visione Tenebrosa","Si guadagna Scurovisione 27 metri.","General"
"726","Visione Oscura","Si vede anche attraverso l'oscurità magica.","General"
"727","Visione Oscura Migliorata","Si guadagna la capacità Vedere al Buio.","General"
"728","Vista delle Profondità","La Scurovisione ha raggio 36 metri","General"
"729","Vista Immonda","Si guadagna Visione Crepuscolare e la propria Scurovisione aumenta","General"
"730","Vocazione Magica","Bonus +2 alle prove di Sapienza Magica ed Utilizzare Congegni Magici.","General"
"731","Voce della Sibilla","Bonus a Diplomazia, Intrattenere (oratoria) e Raggirare.","General"
"732","Volontà di Ferro","Bonus +2 ai Tiri Salvezza Volontà.","General"
"733","Volontà di Ferro Migliorata","Una volta al giorno puoi ripetere un Tiro Salvezza Volontà.","General"
"734","Volontà Eroica","Una volta al giorno puoi ripetere un Tiro Salvezza su Volontà.","General"
"735","Volto di Pietra","Bonus +4 a Raggirare per mentire o nascondere intenzioni","General"
"736","Zanna Affilata","Si ottiene un attacco con il morso","General"
"737","Gesta degli Spari in Sospensione","Ci si può muovere alla propria velocità ed effettuare attacchi come Armi da Fuoco","General"
"738","Gesta del Colpo di Rimbalzo","I propri colpi rimbalzano su muri o altre superfici solide","General"
"739","Gesta del Nascondiglio Segreto","Si spende 1 punto grinta per prendere polvere nera o munizioni sulla propria persona","General"
"740","Gesta dello Sparatore Agile","Non si provocano Attacchi d'Opportunità sparando o ricaricando Armi da Fuoco finché si ha 1 punto grinta","General"
"741","Gesta Personali","Si usa 1 Gesta per meno di 1 punto grinta","General"
"742","Grinta Extra","Si ottengono 2 punti grinta addizionali al giorno e la Grinta massima aumenta di 2","General"
